original_url,archive_url,content
https://www.scientificamerican.com,http://web.archive.org/web/20250428010244/https://www.scientificamerican.com/,"Suddenly Miners Are Tearing Up the Seafloor for Critical Metals
The owners of a controversial mining license have begun extracting valuable metals from the ocean floor
Willem Marx
This Impossible New Color Is So Rare That Only Five People Have Seen It
Jacek Krywko
Science Jigsaw: Sunday, April 27, 2025
Gayoung Lee
The New Tornado Alley Has Been Hyperactive this Year
Mark Fischetti
Trump‚Äôs NOAA Has Downplayed an Alarming Finding: CO‚ÇÇ Surged Last Year
Chelsea Harvey, E&E News
Read all the stories you want.
Science Isn‚Äôt about Domination. It‚Äôs about Democracy
Megha Satyanarayana
Ancient DNA Reveals Phoenicians‚Äô Surprising Ancestry
Ewen Callaway, Nature magazine
Can There Be Sound in Space?
Phil Plait
How to Find Hidden Nature in Any Urban Park Near You
Rachel Feltman, Kylie Murphy, Alex Sugiura, Jeffery DelViscio, Fonda Mwangi, Kelso Harper, Carin Leong
Suddenly Miners Are Tearing Up the Seafloor for Critical Metals
Willem Marx
Mathematicians‚Äô Favorite Shapes Hold the Key to Big Mathematical Mysteries
Rachel Crowell, Violet Frances
A Deadly Parasite Threatens Bees and 130 Crops They Help Grow
Hannah Nordhaus
The Nontoxic Cleaner That Kills Germs Better Than Bleach‚ÄîAnd You Can Use It on Your Skin
Jen Schwartz
Mysterious Dark Comets Puzzle Astronomers
Robin George Andrews
The Hidden Social Lives of Male African Elephants
Caitlin O'Connell
Create as many words as you can!
Stretch your math muscles with these puzzles.
Inside the AI Competition That Decoded an Ancient Herculaneum Scroll
Tomas Weber
Building Intelligent Machines Helps Us Learn How Our Brain Works
George Musser
God Chatbots Offer Spiritual Insights on Demand. What Could Go Wrong?
Webb Wright
Artificial Intelligence Could Finally Let Us Talk with Animals
Lois Parshley
Will Machines Ever Become Conscious?
Christof Koch
Scientists Are Putting ChatGPT Brains Inside Robot Bodies. What Could Possibly Go Wrong?
David Berreby
Thank you for signing up!
Check out our other newsletters
How to Find Hidden Nature in Any Urban Park Near You
Rachel Feltman, Kylie Murphy, Alex Sugiura, Jeffery DelViscio, Fonda Mwangi, Kelso Harper, Carin Leong
Misunderstood and Maligned Snakes Are Worthy Of Our Sympathy
Rachel Feltman, Stephen S. Hall, Fonda Mwangi, Alex Sugiura, Naeem Amarsy
Public Health Focuses on Childhood, Magnetic Poles Once Wandered, and Colossal Squid Discovered
Rachel Feltman, Fonda Mwangi, Alex Sugiura
The Past 35 Years of Science and Technology from Our Editor Gary Stix‚Äôs Perspective
Rachel Feltman, Gary Stix, Fonda Mwangi, Alex Sugiura
A Nontoxic Disinfectant That Is Safe for Surfaces and Skin
Rachel Feltman, Jen Schwartz, Fonda Mwangi, Alex Sugiura
Why Some Animals Live for Only Days and Others Live for Thousands of Years
Scientists are studying why some species live so much longer than others
Clara Moskowitz, Mark Belan
Prime Number Mystery Is Key to Magic: The Gathering Card Game Strategy
The popular fantasy card game Magic: The Gathering has a new card related to prime numbers. Now fans are trying to use it to tackle one of the biggest problems in mathematics
Manon Bischoff
This Impossible New Color Is So Rare That Only Five People Have Seen It
Researchers discover a new color outside the range of human color vision, but you have to laser your retinas to see it
Jacek Krywko
The New Tornado Alley Has Been Hyperactive this Year
More tornadoes than usual have already struck the U.S. in 2025‚Äîand many of them have been touching down farther east than they had in the past
Mark Fischetti
Mathematicians Crack 125-Year-Old Problem, Unite Three Physics Theories
A breakthrough in Hilbert‚Äôs sixth problem is a major step in grounding physics in math
Jack Murtagh
Ancient DNA Reveals Phoenicians‚Äô Surprising Ancestry
Phoenician civilization spread its culture and alphabet across the Mediterranean but not, evidently, its DNA
Ewen Callaway, Nature magazine
Subscribe to Scientific American to learn and share the most exciting discoveries, innovations and ideas shaping our world today.
Scientific American is part of Springer Nature, which owns or has commercial relations with thousands of scientific publications (many of them can be found at www.springernature.com/us). Scientific American maintains a strict policy of editorial independence in reporting developments in science to our readers.
¬© 2025 SCIENTIFIC AMERICAN, A DIVISION OF SPRINGER NATURE AMERICA, INC.ALL RIGHTS RESERVED."
https://www.bnnbloomberg.ca,http://web.archive.org/web/20250428043738/https://www.bnnbloomberg.ca/,"President Donald Trump‚Äôs administration has proposed several changes that would affect the struggling U.S. coal industry.
Canada‚Äôs trade war with the U.S. has had a swift impact on grocery stores, with companies putting up maple leaf tags on shelves, shifting their product mix and highlighting local items.
Find out who's on BNN Bloomberg TV today.
Cut out the noise. Hear what matters.
Get a customizable stock list and breaking news alerts.
 ¬©2025 BellMedia All Rights Reserved"
https://www.axios.com,http://web.archive.org/web/20250428110331/https://www.axios.com/,"Search
Photo illustration: Sarah Grillo and Brendan Lynch/Axios. Photo: Shawn Thew/EPA/Bloomberg via Getty Images
President Trump and Attorney General Pam Bondi at the White House in February. Photo: Andrew Harnik/Getty Images
Authorities arrested over 100 suspected undocumented immigrants in a federal raid on a Colorado nightclub that saw guns and drugs including methamphetamine and pink cocaine seized early Sunday, officials said.
The big picture: President Trump and Attorney General Pam Bondi hailed the raid on the Colorado Springs club, some 70 miles south of Denver, as the administration faces criticism over the arrest of a judge in an immigration case and U.S. citizen children being sent to Honduras with their deported mothers.
Bill Owens, former executive producer of ""60 Minutes,"" in Toronto, Canada, in 2022. Photo: Piaras √ì M√≠dheach/Sportsfile for Collision via Getty Images
CBS News' ""60 Minutes"" Sunday show ended by taking aim at parent company Paramount over former executive producer Bill Owens' departure last week.
The big picture: CBS' Scott Pelley said in the segment that Paramount ""is trying to complete a merger"" the Trump administration ""must approve"" and it ""began to supervise our content in new ways,"" adding: ""None of our stories has been blocked, but Bill felt he lost the independence that honest journalism requires.""
Former NIH chief  Francis Collins being interviewed on CBS News' ""60 Minutes."" Photo: CBS News/ ""60 Minutes""
Former National Institutes of Health director Francis Collins said in an interview broadcast Sunday he retired last month because his position became ""untenable"" under the second Trump administration's actions.
Why it matters: The noted geneticist's departure occurred after DOGE-driven cuts were announced for research funding and probationary workers' contracts were terminated, and Collins told CBS News that he and other scientists were ""not allowed to speak ‚Äî in any kind of scientific meeting or public setting.""
Copyright Axios Media, 2024"
https://techcrunch.com,http://web.archive.org/web/20250428144500/https://techcrunch.com/,"

		Latest	



		AI	



		Amazon	



		Apps	



		Biotech & Health	



		Climate	



		Cloud Computing	



		Commerce	



		Crypto	



		Enterprise	



		EVs	



		Fintech	



		Fundraising	



		Gadgets	



		Gaming	



		Google	



		Government & Policy	



		Hardware	



		Instagram	



		Layoffs	



		Media & Entertainment	



		Meta	



		Microsoft	



		Privacy	



		Robotics	



		Security	



		Social	



		Space	



		Startups	



		TikTok	



		Transportation	



		Venture	



		Events	



		Startup Battlefield	



		StrictlyVC	



		Newsletters	



		Podcasts	



		Videos	



		Partner Content	



		TechCrunch Brand Studio	



		Crunchboard	



		Contact Us	

Top Headlines
 From coding tests to billion-dollar startups, Ali Partovi‚Äôs eight-year experiment is paying off

 4chan is back online, says it‚Äôs been ‚Äòstarved of money‚Äô

 Welcome to Chat Haus, the coworking space for AI chatbots

 Best bookmarking apps to help organize and declutter your digital lifeÔøΩ?

 Bezos-backed Slate Auto debuts analog EV pickup truck that is decidedly anti-Tesla

 Wait, how did a decentralized service like Bluesky go down?

 Government censorship comes to Bluesky, but not its third-party apps ‚Ä¶ yet

Catch up on trending topics
Featuring Prime Minister of Greece & top Euro tech voices!
Limited Capacity!
Early Bird deals end May 4!
Limited space available!
Last days to save $200+
Secure low rates now!
Subscribe for the industry‚Äôs biggest tech news
Every weekday and Sunday, you can get the best of TechCrunch‚Äôs coverage.
Startups are the core of TechCrunch, so get our best coverage delivered weekly.
Get the best of our coverage, delivered to your inbox every Saturday.
TechCrunch Mobility is your destination for transportation news and insight.
By submitting your email, you agree to our Terms and Privacy Notice.
Forerunner has seen a number of high-profile successes, showing an ability to get ahead of consumer trends. We spoke with founder and Managing Partner Kirsten Green during a StrictlyVC event in San Francisco to find out how.
More From:

				Equity is TechCrunch‚Äôs flagship podcast about the business of startups, unpacked by the writers who know best. Produced by Theresa Loconsolo. Edited by Kell.			

				Each week, StrictlyVC‚Äôs host and TechCrunch Editor-in-Chief Connie Loizos, with Alex Gove, former journalist, VC and operating exec, review the top stories in StrictlyVC and interview a mover and shaker in the world of tech.			
¬© 2025 Yahoo."
https://nuclearstreet.com/,http://web.archive.org/web/20250401102312/https://nuclearstreet.com/,
https://www.pewresearch.org,http://web.archive.org/web/20250426034651/https://www.pewresearch.org/,
https://www.doctorsfornuclearenergy.org,http://web.archive.org/web/20250216164447/https://www.doctorsfornuclearenergy.org/,"Home
Why Nuclear
Blog
Join/Contact
Chapters
More
Fight climate change.
Eliminate air pollution.
Cure the planet.
As doctors, we understand the need to fight climate change and eliminate air pollution while maintaining the power we need to operate hospitals 24/7/365.
Nuclear energy provides the reliable, low-carbon power we need to efficiently decarbonize. Around the world, nuclear energy has sustainably displaced fossil fuels, whose pollution takes more than 5,000,000 lives every year.
Dr. Chris Keefer (left), Founder/Director of D4NE, poses with James Hansen, renowned climate scientist, at the Berlin 2021 Stand Up for Nuclear rally.
Home
Why Nuclear
Blog
Join/Contact
Chapters
More"
https://grist.org/,http://web.archive.org/web/20250428122353/https://grist.org/,"Œî
A nonprofit, independent media organization dedicated to telling stories of climate solutions and a just future.
Œî
Essential climate news from Grist delivered straight to your inbox every Saturday.
‚ÄúNo matter what happens we will stand, and we will fight, and we will keep pushing for solutions.‚Äù
From breaker-masking to voltage mismatches, America‚Äôs grid isn‚Äôt ready for balcony solar ‚Äî yet.
Tariffs and a shake-up at the Tennessee Valley Authority could be getting in the way.
The ruling could allow federal agencies to skip climate analysis when approving major projects ‚Äî with wide-reaching consequences.
Grist thanks its sponsors. Become one.
To support our nonprofit environmental journalism, please consider disabling your ad-blocker to allow ads on Grist. Here's How
To support our nonprofit environmental journalism, please consider disabling your ad-blocker to allow ads on Grist. Here's How
The fate of Arizona‚Äôs proposed Resolution Copper mine rested with the federal courts, but the administration announced last week it would move to approve the project before their rulings.
Italy has become a global leader in recycling, in part by relying on households to do a lot of the work.
Efficient appliances used to have bipartisan support. What happened?
The abrupt cancellation of a beloved farm-to-school grant program threatens food access, school gardens, and small farms nationwide.
Grist thanks its sponsors. Become one.
To support our nonprofit environmental journalism, please consider disabling your ad-blocker to allow ads on Grist. Here's How
To support our nonprofit environmental journalism, please consider disabling your ad-blocker to allow ads on Grist. Here's How
The Inflation Reduction Act lets companies sell their clean energy tax credits for cash. Now that benefit is at risk.
""Bringing the buffalo back is about our relationship with them, not domination over them.""
The Trump administration's border policies are expected to have a big impact on this year‚Äôs largest gathering of Indigenous leaders, activists, and policymakers.
Workers for the National Civilian Community Corps were sent home due to ‚Äúnew operational parameters.‚Äù The program‚Äôs long-term fate is unclear.
Grist thanks its sponsors. Become one.
To support our nonprofit environmental journalism, please consider disabling your ad-blocker to allow ads on Grist. Here's How
Need a dose of good climate news? Subscribe to The Beacon to receive a weekly roundup of the solutions driving us forward.
Want the latest reporting from Grist in your inbox every day? The Daily is a free daily roundup of our top stories.
The only newsroom focused on finding solutions at the intersection of climate and justice. Donate today to help keep Grist‚Äôs site and newsletters free. All donations DOUBLED for a limited time.

¬© 1999-2025 Grist Magazine, Inc. All rights reserved.
Grist is powered by WordPress VIP.
Terms of Use | Privacy Policy
"
https://thenarwhal.ca,http://web.archive.org/web/20250428050315/https://thenarwhal.ca/,"Xat≈õ≈´ll First Nation is challenging B.C.‚Äôs approval of Mount Polley mine‚Äôs tailings dam raising. Indigenous...
Financial regulators hit pause this week on a years-long effort to force corporations to be...
The BC Greens say secrecy around BC Energy Regulator compliance and enforcement is ‚Äòcompletely unacceptable‚Äô
As the top candidates for Canada‚Äôs next prime minister promise swift, major expansions of mining...
The Conservative and Liberal parties diverge sharply on Indigenous issues. Here‚Äôs what that could mean...
After a series of cuts to the once gold-standard legislation, the Doug Ford government is...
On the election trail, Canada's federal leaders are pushing military and industry in the North....
The Atlantic province's first female premier is a big fan of rugged cliffs, sprawling forests...
President Trump‚Äôs threats towards Canada carry great risks to Americans as well, and to the...
 









We‚Äôre suing the RCMP to take a stand for press freedom.







All journalists in Canada should be able to do their work without risk of police interference. Help us defend the right to a free press by making a donation to The Narwhal‚Äôs legal defence fund today.








YES, I‚ÄôLL PITCH IN















We‚Äôre suing the RCMP to take a stand for press freedom.







All journalists in Canada should be able to do their work without risk of police interference. Help us defend the right to a free press by making a donation to The Narwhal‚Äôs legal defence fund today.








YES, I‚ÄôLL PITCH IN







 

How Trump tariffs and trade tensions are affecting our natural resources
The April 28 vote will have major consequences for environmental issues in Canada
What does fracking have to do with LNG? How will projects impact B.C.‚Äôs emissions targets? A guide to the growing industry
 

 
 














SUBSCRIBE









People always tell us they love our newsletter. Find out yourself with a weekly dose of our ad‚Äëfree, independent journalism







Get The Narwhal in your inbox!




















SUBSCRIBE









People always tell us they love our newsletter. Find out yourself with a weekly dose of our ad‚Äëfree, independent journalism







Get The Narwhal in your inbox!






 

The Narwhal is ad-free, non-profit and supported by readers like you."
http://www.bostonglobe.com,http://web.archive.org/web/20250428025715/https://www.bostonglobe.com/,"product by Studio/B. What is this?This content was produced by Boston Globe Media's Studio/B in collaboration with the advertiser. The news and editorial departments of the Boston Globe had no role in its production or display.
product by BG BRANDLAB. What is this?This content was produced by Boston Globe Media's Studio/B in collaboration with the advertiser. The news and editorial departments of the Boston Globe had no role in its production or display.
Digital Access
Home Delivery
Gift Subscriptions
Log In
Manage My Account
Customer Service
Delivery Issues
Feedback
News Tips
Help & FAQs
Staff List
Advertise
Newsletters
View the ePaper
Order Back Issues
News in Education
Search the Archives
Privacy Policy
Terms of Service
Terms of Purchase
Work at Boston Globe Media
Internship Program
Co-op Program
Do Not Sell My Personal Information"
https://nanonuclearenergy.com/,http://web.archive.org/web/20250424013315/https://nanonuclearenergy.com/,"NANO Nuclear Energy Inc. (NASDAQ: NNE)¬†is an advanced technology-driven nuclear energy company seeking to become a commercially focused, diversified, and vertically integrated company across five business lines: (i) cutting edge portable and other microreactor technologies, (ii) nuclear fuel fabrication, (iii) nuclear fuel transportation, (iv) nuclear applications for space and (v) nuclear industry consulting services. NANO Nuclear believes it is the first portable nuclear microreactor company to be listed publicly in the U.S.
Led by a world-class nuclear engineering team, NANO Nuclear‚Äôs reactor products in development include¬†patented¬†KRONOS MMR‚Ñ¢¬†Energy System, a stationary high-temperature gas-cooled reactor that is in construction permit pre-application¬†engagement U.S. Nuclear Regulatory Commission (NRC) in collaboration with University of Illinois Urbana-Champaign (UIUC), ‚ÄúZEUS‚Äù, a solid core battery reactor,¬†and¬†‚ÄúODIN‚Äù, a low-pressure coolant reactor,¬†and the space focused, portable¬†LOKI MMR‚Ñ¢,¬†each representing advanced developments in clean energy solutions that are portable, on-demand capable, advanced nuclear microreactors.
Advanced Fuel Transportation Inc. (AFT), a NANO Nuclear subsidiary, is led by former executives from the largest transportation company in the world aiming to build a North American transportation company that will provide commercial quantities of HALEU fuel to small modular reactors, microreactor companies, national laboratories, military, and DOE programs. Through NANO Nuclear, AFT is the exclusive licensee of a patented high-capacity HALEU fuel transportation basket developed by three major U.S. national nuclear laboratories and funded by the Department of Energy. Assuming development and commercialization, AFT is expected to form part of the only vertically integrated nuclear fuel business of its kind in North America.
HALEU Energy Fuel Inc. (HEF), a NANO Nuclear subsidiary, is focusing on the future development of a domestic source for a High-Assay, Low-Enriched Uranium (HALEU) fuel fabrication pipeline for NANO Nuclear‚Äôs own microreactors as well as the broader advanced nuclear reactor industry.
NANO Nuclear Space Inc. (NNS), a NANO Nuclear subsidiary, is exploring the potential commercial applications of NANO Nuclear‚Äôs developing micronuclear reactor technology in space. NNS is focusing on applications such as the¬†LOKI MMR‚Ñ¢¬†system and other power systems for extraterrestrial projects and human sustaining environments, and potentially propulsion technology for long haul space missions. NNS‚Äô initial focus will be on cis-lunar applications, referring to uses in the space region extending from Earth to the area surrounding the Moon‚Äôs surface.
¬†
Dr. Heidet is a world-renowned expert on advanced nuclear reactor technologies, leveraging two decades of nuclear engineering and project management expertise‚Ä¶
Chair of Cambridge Nuclear Energy Centre, Professor of Earth & Nuclear Materials part of Department of Earth Sciences.¬†Dr. Farnan is an expert¬† in the effect of nuclear radiation on materials and has developed nuclear magnetic resonance methods to provide an element specific probe‚Ä¶
Safety Evaluation Issued by NRC Confirms Regulatory Acceptance of Fuel Qualification Methodology, Paving the Way for Eventual KRONOS Microreactor Deployment at University of...
NANO Nuclear Aims to Expand Engineering and Project Development Team to Support U.S. and Canadian KRONOS MMR Energy System Reactor Construction and Licensing Efforts Nano Nuclear...
NANO Nuclear Energy Inc. (NASDAQ: NNE) (‚ÄúNANO Nuclear‚Äù or ‚Äúthe Company‚Äù), a leading advanced nuclear energy and technology company focused on developing clean energy solutions,...
NANO Nuclear Energy Inc. (NASDAQ: NNE)¬†is an advanced technology-driven nuclear energy company seeking to become a commercially focused, diversified, and vertically integrated company across five business lines: (i) cutting edge portable and other microreactor technologies, (ii) nuclear fuel fabrication, (iii) nuclear fuel transportation, (iv) nuclear applications for space and (v) nuclear industry consulting services. NANO Nuclear believes it is the first portable nuclear microreactor company to be listed publicly in the U.S.
Led by a world-class nuclear engineering team, NANO Nuclear‚Äôs reactor products in development include¬†patented¬†KRONOS MMR‚Ñ¢¬†Energy System, a stationary high-temperature gas-cooled reactor that is in construction permit pre-application¬†engagement U.S. Nuclear Regulatory Commission (NRC) in collaboration with University of Illinois Urbana-Champaign (UIUC), ‚ÄúZEUS‚Äù, a solid core battery reactor,¬†and¬†‚ÄúODIN‚Äù, a low-pressure coolant reactor,¬†and the space focused, portable¬†LOKI MMR‚Ñ¢,¬†each representing advanced developments in clean energy solutions that are portable, on-demand capable, advanced nuclear microreactors.
Our Subsidiaries:
HALEU Energy Fuel Inc.Advanced Fuel Transportation Inc.NANO Nuclear Space Inc.
About Us
Board Members
Microreactors
Investors
"
https://www.terrapower.com,http://web.archive.org/web/20250423082905/https://www.terrapower.com/,"Close
Menu
Our first Natrium plant is currently being built in Wyoming.
The properties of this material enable the system to operate at low pressure and cool naturally - making it simpler and safer than any of today's plants.
Our innovative molten salt energy storage fills this energy gap, delivering stable electricity supply for the grid when renewables are offline. Other designs do not have this flexibility.
By moving to a much simpler plant design, the Natrium technology requires far fewer resources to construct and operate. This results in lower costs and higher value.
From nuclear concrete pour to fuel load
at 10% per minute
Safety-related concrete, steel & labor
√Ç¬© 2025 TERRAPOWER, LLCThe Natrium Reactor is a TerraPower and GE Hitachi technology.
To optimize your user experience, we serve cookies on this site. By clicking or navigating you agree to allow our usage of cookies.
For more information on the types of information we collect, visit our Cookie Notice."
https://www.aalo.com,http://web.archive.org/web/20250409221511/https://www.aalo.com/,
https://www.energy.gov/ne/listings/ne-press-releases,http://web.archive.org/web/20250410175251/https://www.energy.gov/ne/listings/ne-press-releases,"An official website of the United States government
Here's how you know

Official websites use .gov

              A .gov website belongs to an official government organization in the United States.
            

Secure .gov websites use HTTPS

              A lock (   

Lock
Locked padlock



 ) or https:// means you‚Äôve safely connected to the .gov website. Share sensitive information only on official, secure websites.
            

              Committed to Restoring America‚Äôs Energy Dominance.
            
Follow Us
Subscribe To Our Newsletter"
https://www.anl.gov,http://web.archive.org/web/20250423214615/https://www.anl.gov/,"NEXT:
Argonne employees are passionate about problem-solving and advancing the science and technology solutions that make our world a better place for all.
The security officer shares insights from his 40-year career in security.
Swetin‚Äôs work maintaining and improving water systems enables the APS to perform cutting-edge experiments.
Valerie Taylor leads research in high performance computing as the division director of Mathematics and Computer Science.
Meet a handful of the 3,700 scientists, engineers, and support staff at Argonne who are discovering, developing, and delivering solutions that can make life safer, healthier and more secure and prosperous for all Americans.
Argonne is home to groundbreaking discoveries and transformative technologies across many science domains. Our research spans from physics and chemistry to clean energy and transportation.
Every year, thousands of researchers from across the country and around the globe solve complex, world-changing scientific problems at Argonne‚Äôs unique and powerful research facilities.
Explore the opportunities at Argonne for Chicagoland residents, students, small business owners, university scientists and more."
https://thoriumenergyalliance.com,http://web.archive.org/web/20250424163132/https://thoriumenergyalliance.com/,"The Mission of the Thorium Energy Alliance (TEA) Since 2006, has been educating the world on the uses and advantages of Thorium as a Fuel for nuclear power and as a critical material derived from the rare earth metals refining process for free. TEA has made significant progress in reviving research and promoting the many industrial applications of Thorium.
We support the training of young women and men in the technologies around the use of Thorium for fuel, medicine, catalysts, alloys, coatings, and superconducting materials. TEA has spent countless hours and resources helping decision makers of the USA understand the opportunities, as well as hundreds of members of the Departments of Energy, NRC, Defense, Commerce and Natural Resources, EPA.
We believe a world of equality, prosperity and abundance can be achieved and the wise use of Thorium can be instrumental in achieving that goal for all of humanity.
TEAC 12 was a Success!
April 14th & 15th, 2024
The conference on thorium, critical materials, and the future of energy from world-class speakers representing 13 different countries in Abilene, TX.
Latest News
11th Future of Energy Conference
October 13th-14th 2022
Nuclear Museum | Albuquerque, New Mexico
TEA Newsletter
April 10, 2025
Thorium Energy Alliance's New Chances in 2025 ‚öõüîÜ‚ùó
Categories: Government Policy, Reactor Designs, Technology
Tags: Advanced Reactor, Clean Energy, DoE, Gen 4, IAEA, Modular Reactor, Molten Salt Reactor, MSR, Nat'l Labs, NRC, Nuclear Energy, TEAC, Thorium
Document
Categories: Reactor Designs
Tags: 2017 TEAC 8, Advanced Reactor, Gen 4, Molten Salt Reactor, MSR, Nuclear Energy, TEAC
Video
Categories: Critical Materials, Government Policy, Technology, Thorium
Tags: Kennedy, Legislation, Magnets, Materials, Metals, MIning, Pea Ridge, Phosphates, Rare Earth Oxides, Rare Earths, REOs, Thorium, Thorium Bank
Image
The Guardian | Cineuropa | Variety
Receive our Member Newsletter
Attend Conferences
Receive Exclusive Merchandise
Help support the cause.
Any amount will help greatly. Consider a pledge of just $25 or $50.
Show your support with exclusive TEA clothing and books and merchandise.
Œî"
https://www.nucnet.org,http://web.archive.org/web/20250416001337/https://www.nucnet.org/,"
            We use cookies for analytics and to improve our site. You agree to our use of cookies by closing this message box or continuing to use our site. To find out more, including how to change your settings, see our Cookie Policy

Incident caused fire at structure that protects remains of Unit 4
        15 April 2025

Invitations extended for European agencies to observe GDA process
        15 April 2025

Company wants 1,000 MW of supply from Susquehanna reactors for data centre
        15 April 2025


        All civil nuclear power plants and radioactive waste repositories
      

          Comprehensive guide to AMRs and SMRs
        "
